level,agent,config,env,seed,step,episode,train_return,train_mean_last_10,eval_mean,eval_std,policy_loss,value_loss,entropy_loss,actor_loss,q1_loss,q2_loss,alpha
l2,ActorCritic,actor_critic_gae,LunarLander-v3,0,1000,11,-244.23523801484768,-177.52994162940564,-189.15104498564793,317.92917245942,0.01858040876686573,1959.47314453125,,,,,
l2,ActorCritic,actor_critic_gae,LunarLander-v3,0,2000,23,-390.86727090621474,-198.6825799530025,-454.9048215985661,85.23980408385282,0.05000992491841316,4409.23828125,,,,,
l2,ActorCritic,actor_critic_gae,LunarLander-v3,0,3000,33,-5.773255867860669,-157.0789370594306,-300.91379957750684,202.60389327433276,-5.6157628023356665e-06,1255.5625,,,,,
l2,ActorCritic,actor_critic_gae,LunarLander-v3,1,1000,11,-162.94607159282396,-122.9940528452521,-623.60309304577,353.4806443769244,-0.014281361363828182,941.1860961914062,,,,,
l2,ActorCritic,actor_critic_gae,LunarLander-v3,1,2000,21,-388.04521496979953,-197.43356421705212,-819.6995792672815,546.1815948299537,0.007094204891473055,4212.4365234375,,,,,
l2,ActorCritic,actor_critic_gae,LunarLander-v3,1,3000,30,-212.61798718301844,-191.74100895209668,-150.87525350505243,123.62760603935538,0.0007592784822918475,976.89306640625,,,,,
