level,agent,config,env,seed,step,episode,train_return,train_mean_last_10,eval_mean,eval_std,policy_loss,value_loss,entropy_loss,actor_loss,q1_loss,q2_loss,alpha
l2,PPO,ppo_vanilla,LunarLander-v3,0,1000,10,-119.23833908465977,-116.90931667864844,-585.5694348937549,194.63314735967026,-0.034840114414691925,313.9639587402344,-1.3706398010253906,,,,
l2,PPO,ppo_vanilla,LunarLander-v3,0,2000,20,-297.89332102479705,-182.86578018752462,-896.7791484988685,602.740884468464,-0.3027500808238983,430.81011962890625,-1.3444889783859253,,,,
l2,PPO,ppo_vanilla,LunarLander-v3,0,3000,30,-209.42339306156632,-288.0050947734362,-775.1799978899188,32.51271097183066,-0.07399272918701172,640.8137817382812,-1.341641902923584,,,,
l2,PPO,ppo_vanilla,LunarLander-v3,1,1000,10,-257.0112333913238,-188.64985669885047,-623.60309304577,353.4806443769244,0.17945241928100586,1470.0638427734375,-1.3794351816177368,,,,
l2,PPO,ppo_vanilla,LunarLander-v3,1,2000,19,-92.48123186048007,-194.71182311898664,-819.6995792672815,546.1815948299537,-0.03918226435780525,210.70999145507812,-1.3738096952438354,,,,
l2,PPO,ppo_vanilla,LunarLander-v3,1,3000,29,-300.86053689855396,-238.42067759187708,-568.655126947237,103.8884412895138,-0.2877579629421234,631.1932983398438,-1.3779776096343994,,,,
