level,agent,config,env,seed,step,episode,train_return,train_mean_last_10,eval_mean,eval_std,policy_loss,value_loss,entropy_loss,actor_loss,q1_loss,q2_loss,alpha
l2,PPO,ppo_enhanced,LunarLander-v3,0,1000,10,-119.23833908465977,-116.90931667864844,-585.5694348937549,194.63314735967026,-0.034822728484869,314.0916748046875,-1.3706408739089966,,,,
l2,PPO,ppo_enhanced,LunarLander-v3,0,2000,20,-297.89332102479705,-182.86578018752462,-896.7791484988685,602.740884468464,-0.30250585079193115,464.1220397949219,-1.3445236682891846,,,,
l2,PPO,ppo_enhanced,LunarLander-v3,0,3000,30,-209.42339306156632,-287.73489058107606,-775.1799978899188,32.51271097183066,-0.08176829665899277,737.4954223632812,-1.3410356044769287,,,,
l2,PPO,ppo_enhanced,LunarLander-v3,1,1000,10,-257.0112333913238,-188.64985669885047,-623.60309304577,353.4806443769244,0.17947380244731903,1477.625732421875,-1.3794349431991577,,,,
l2,PPO,ppo_enhanced,LunarLander-v3,1,2000,19,-92.48123186048007,-194.71182311898664,-819.6995792672815,546.1815948299537,-0.0382879264652729,218.285888671875,-1.3738305568695068,,,,
l2,PPO,ppo_enhanced,LunarLander-v3,1,3000,29,-144.69477670639924,-224.58742992457056,-568.655126947237,103.8884412895138,0.4377322196960449,719.9421997070312,-1.3681882619857788,,,,
